t,n_seeds,ci_level,ci_method,bootstrap_resamples,bootstrap_seed,data_status,q_ratio_mean,q_ratio_ci_low,q_ratio_ci_high,phi_mean,phi_ci_low,phi_ci_high,eta_dec_mean,eta_dec_ci_low,eta_dec_ci_high,N_mean,N_ci_low,N_ci_high,r_mean,r_ci_low,r_ci_high,ell_mean,ell_ci_low,ell_ci_high,N_norm_mean,N_norm_ci_low,N_norm_ci_high,ell_norm_mean,ell_norm_ci_low,ell_norm_ci_high
0,20,0.95000000,pointwise percentile bootstrap of the across-seed mean,100000,20260924,synthetic_predicted,0.30105803,0.29743508,0.30465034,0.01185376,0.01120410,0.01245315,0.84516724,0.84132510,0.84866416,16.00000000,16.00000000,16.00000000,0.00000000,0.00000000,0.00000000,0.00000000,0.00000000,0.00000000,1.00000000,1.00000000,1.00000000,0.00000000,0.00000000,0.00000000
1,20,0.95000000,pointwise percentile bootstrap of the across-seed mean,100000,20260924,synthetic_predicted,0.29970484,0.29485774,0.30439180,0.01181717,0.01122483,0.01238693,0.84554965,0.84191418,0.84908837,16.00000000,16.00000000,16.00000000,0.00000000,0.00000000,0.00000000,0.00000000,0.00000000,0.00000000,1.00000000,1.00000000,1.00000000,0.00000000,0.00000000,0.00000000
2,20,0.95000000,pointwise percentile bootstrap of the across-seed mean,100000,20260924,synthetic_predicted,0.30064750,0.29544610,0.30567372,0.01163013,0.01099178,0.01223578,0.84531574,0.84153688,0.84891951,16.00000000,16.00000000,16.00000000,0.00000000,0.00000000,0.00000000,0.00000000,0.00000000,0.00000000,1.00000000,1.00000000,1.00000000,0.00000000,0.00000000,0.00000000
3,20,0.95000000,pointwise percentile bootstrap of the across-seed mean,100000,20260924,synthetic_predicted,0.30112482,0.29616326,0.30625868,0.01167530,0.01105233,0.01231189,0.84396807,0.84049493,0.84721076,16.00000000,16.00000000,16.00000000,0.00000000,0.00000000,0.00000000,0.00000000,0.00000000,0.00000000,1.00000000,1.00000000,1.00000000,0.00000000,0.00000000,0.00000000
4,20,0.95000000,pointwise percentile bootstrap of the across-seed mean,100000,20260924,synthetic_predicted,0.30170992,0.29680130,0.30656400,0.01162493,0.01094684,0.01227031,0.84411488,0.84095627,0.84700841,16.00000000,16.00000000,16.00000000,0.00000000,0.00000000,0.00000000,0.00000000,0.00000000,0.00000000,1.00000000,1.00000000,1.00000000,0.00000000,0.00000000,0.00000000
5,20,0.95000000,pointwise percentile bootstrap of the across-seed mean,100000,20260924,synthetic_predicted,0.30006959,0.29651669,0.30354789,0.01179842,0.01114620,0.01245192,0.84369951,0.84051657,0.84697378,16.00000000,16.00000000,16.00000000,0.00000000,0.00000000,0.00000000,0.00000000,0.00000000,0.00000000,1.00000000,1.00000000,1.00000000,0.00000000,0.00000000,0.00000000
6,20,0.95000000,pointwise percentile bootstrap of the across-seed mean,100000,20260924,synthetic_predicted,0.29937335,0.29545504,0.30310792,0.01182478,0.01133204,0.01233082,0.84372533,0.84083176,0.84689462,16.00000000,16.00000000,16.00000000,0.00000000,0.00000000,0.00000000,0.00000000,0.00000000,0.00000000,1.00000000,1.00000000,1.00000000,0.00000000,0.00000000,0.00000000
7,20,0.95000000,pointwise percentile bootstrap of the across-seed mean,100000,20260924,synthetic_predicted,0.29892384,0.29496056,0.30257422,0.01172472,0.01107302,0.01237976,0.84485131,0.84188902,0.84775442,16.00000000,16.00000000,16.00000000,0.00000000,0.00000000,0.00000000,0.00000000,0.00000000,0.00000000,1.00000000,1.00000000,1.00000000,0.00000000,0.00000000,0.00000000
8,20,0.95000000,pointwise percentile bootstrap of the across-seed mean,100000,20260924,synthetic_predicted,0.29952917,0.29604599,0.30285674,0.01174226,0.01115997,0.01230060,0.84540220,0.84293926,0.84804517,16.00000000,16.00000000,16.00000000,0.00000000,0.00000000,0.00000000,0.00000000,0.00000000,0.00000000,1.00000000,1.00000000,1.00000000,0.00000000,0.00000000,0.00000000
9,20,0.95000000,pointwise percentile bootstrap of the across-seed mean,100000,20260924,synthetic_predicted,0.29964451,0.29598033,0.30304077,0.01200858,0.01137981,0.01261642,0.84596588,0.84319210,0.84870875,16.00000000,16.00000000,16.00000000,0.00000000,0.00000000,0.00000000,0.00000000,0.00000000,0.00000000,1.00000000,1.00000000,1.00000000,0.00000000,0.00000000,0.00000000
10,20,0.95000000,pointwise percentile bootstrap of the across-seed mean,100000,20260924,synthetic_predicted,0.30026615,0.29622009,0.30418196,0.01167166,0.01104003,0.01232656,0.84452127,0.84133232,0.84787869,16.00000000,16.00000000,16.00000000,0.00000000,0.00000000,0.00000000,0.00000000,0.00000000,0.00000000,1.00000000,1.00000000,1.00000000,0.00000000,0.00000000,0.00000000
11,20,0.95000000,pointwise percentile bootstrap of the across-seed mean,100000,20260924,synthetic_predicted,0.30053747,0.29692572,0.30427760,0.01151418,0.01093516,0.01210706,0.84452826,0.84107083,0.84803790,16.00000000,16.00000000,16.00000000,0.00000000,0.00000000,0.00000000,0.00000000,0.00000000,0.00000000,1.00000000,1.00000000,1.00000000,0.00000000,0.00000000,0.00000000
12,20,0.95000000,pointwise percentile bootstrap of the across-seed mean,100000,20260924,synthetic_predicted,0.30131673,0.29727730,0.30567780,0.01179729,0.01119043,0.01239165,0.84468461,0.84131056,0.84800762,16.00000000,16.00000000,16.00000000,0.00000000,0.00000000,0.00000000,0.00000000,0.00000000,0.00000000,1.00000000,1.00000000,1.00000000,0.00000000,0.00000000,0.00000000
13,20,0.95000000,pointwise percentile bootstrap of the across-seed mean,100000,20260924,synthetic_predicted,0.30105000,0.29672524,0.30602986,0.01187343,0.01120484,0.01250496,0.84444093,0.84118825,0.84769994,16.00000000,16.00000000,16.00000000,0.00000000,0.00000000,0.00000000,0.00000000,0.00000000,0.00000000,1.00000000,1.00000000,1.00000000,0.00000000,0.00000000,0.00000000
14,20,0.95000000,pointwise percentile bootstrap of the across-seed mean,100000,20260924,synthetic_predicted,0.30146626,0.29681548,0.30638909,0.01195408,0.01133245,0.01256109,0.84418465,0.84047353,0.84778488,16.00000000,16.00000000,16.00000000,0.00000000,0.00000000,0.00000000,0.00000000,0.00000000,0.00000000,1.00000000,1.00000000,1.00000000,0.00000000,0.00000000,0.00000000
15,20,0.95000000,pointwise percentile bootstrap of the across-seed mean,100000,20260924,synthetic_predicted,0.30182376,0.29696688,0.30670872,0.01184469,0.01117920,0.01252813,0.84422723,0.84079254,0.84754962,16.00000000,16.00000000,16.00000000,0.00000000,0.00000000,0.00000000,0.00000000,0.00000000,0.00000000,1.00000000,1.00000000,1.00000000,0.00000000,0.00000000,0.00000000
16,20,0.95000000,pointwise percentile bootstrap of the across-seed mean,100000,20260924,synthetic_predicted,0.30189442,0.29690027,0.30704045,0.01194410,0.01128193,0.01259429,0.84472043,0.84170359,0.84756589,16.00000000,16.00000000,16.00000000,0.00000000,0.00000000,0.00000000,0.00000000,0.00000000,0.00000000,1.00000000,1.00000000,1.00000000,0.00000000,0.00000000,0.00000000
17,20,0.95000000,pointwise percentile bootstrap of the across-seed mean,100000,20260924,synthetic_predicted,0.30121082,0.29681110,0.30573529,0.01185943,0.01125409,0.01244357,0.84348662,0.84045708,0.84646809,16.00000000,16.00000000,16.00000000,0.00000000,0.00000000,0.00000000,0.00000000,0.00000000,0.00000000,1.00000000,1.00000000,1.00000000,0.00000000,0.00000000,0.00000000
18,20,0.95000000,pointwise percentile bootstrap of the across-seed mean,100000,20260924,synthetic_predicted,0.30242410,0.29896596,0.30607104,0.01169229,0.01111519,0.01230261,0.84470343,0.84151423,0.84790057,16.00000000,16.00000000,16.00000000,0.00000000,0.00000000,0.00000000,0.00000000,0.00000000,0.00000000,1.00000000,1.00000000,1.00000000,0.00000000,0.00000000,0.00000000
19,20,0.95000000,pointwise percentile bootstrap of the across-seed mean,100000,20260924,synthetic_predicted,0.30228323,0.29848129,0.30658719,0.01179804,0.01119126,0.01241429,0.84516569,0.84188205,0.84845328,16.00000000,16.00000000,16.00000000,0.00000000,0.00000000,0.00000000,0.00000000,0.00000000,0.00000000,1.00000000,1.00000000,1.00000000,0.00000000,0.00000000,0.00000000
20,20,0.95000000,pointwise percentile bootstrap of the across-seed mean,100000,20260924,synthetic_predicted,0.30235529,0.29817721,0.30685753,0.01173969,0.01118782,0.01226475,0.84618811,0.84257293,0.84979445,16.00000000,16.00000000,16.00000000,0.00000000,0.00000000,0.00000000,0.00000000,0.00000000,0.00000000,1.00000000,1.00000000,1.00000000,0.00000000,0.00000000,0.00000000
21,20,0.95000000,pointwise percentile bootstrap of the across-seed mean,100000,20260924,synthetic_predicted,0.30212257,0.29824141,0.30621478,0.01156021,0.01096921,0.01218203,0.84616096,0.84282887,0.84961993,16.00000000,16.00000000,16.00000000,0.00000000,0.00000000,0.00000000,0.00000000,0.00000000,0.00000000,1.00000000,1.00000000,1.00000000,0.00000000,0.00000000,0.00000000
22,20,0.95000000,pointwise percentile bootstrap of the across-seed mean,100000,20260924,synthetic_predicted,0.30230713,0.29801568,0.30656087,0.01148702,0.01090980,0.01207010,0.84617377,0.84320313,0.84912193,16.00000000,16.00000000,16.00000000,0.00000000,0.00000000,0.00000000,0.00000000,0.00000000,0.00000000,1.00000000,1.00000000,1.00000000,0.00000000,0.00000000,0.00000000
23,20,0.95000000,pointwise percentile bootstrap of the across-seed mean,100000,20260924,synthetic_predicted,0.30214213,0.29748282,0.30701587,0.01133853,0.01074155,0.01193959,0.84612132,0.84272689,0.84951144,16.00000000,16.00000000,16.00000000,0.00000000,0.00000000,0.00000000,0.00000000,0.00000000,0.00000000,1.00000000,1.00000000,1.00000000,0.00000000,0.00000000,0.00000000
24,20,0.95000000,pointwise percentile bootstrap of the across-seed mean,100000,20260924,synthetic_predicted,0.30168269,0.29724726,0.30641434,0.01153270,0.01087593,0.01219246,0.84521081,0.84173399,0.84864938,16.00000000,16.00000000,16.00000000,0.00000000,0.00000000,0.00000000,0.00000000,0.00000000,0.00000000,1.00000000,1.00000000,1.00000000,0.00000000,0.00000000,0.00000000
25,20,0.95000000,pointwise percentile bootstrap of the across-seed mean,100000,20260924,synthetic_predicted,0.30263782,0.29764742,0.30763546,0.01132821,0.01076316,0.01189134,0.84462358,0.84147793,0.84779477,16.00000000,16.00000000,16.00000000,0.00000000,0.00000000,0.00000000,0.00000000,0.00000000,0.00000000,1.00000000,1.00000000,1.00000000,0.00000000,0.00000000,0.00000000
26,20,0.95000000,pointwise percentile bootstrap of the across-seed mean,100000,20260924,synthetic_predicted,0.30130000,0.29617700,0.30632755,0.01184306,0.01123543,0.01242494,0.84380243,0.83993137,0.84761691,16.00000000,16.00000000,16.00000000,0.00000000,0.00000000,0.00000000,0.00000000,0.00000000,0.00000000,1.00000000,1.00000000,1.00000000,0.00000000,0.00000000,0.00000000
27,20,0.95000000,pointwise percentile bootstrap of the across-seed mean,100000,20260924,synthetic_predicted,0.29992532,0.29464325,0.30540028,0.01184716,0.01109548,0.01260666,0.84400462,0.83972776,0.84817779,16.00000000,16.00000000,16.00000000,0.00000000,0.00000000,0.00000000,0.00000000,0.00000000,0.00000000,1.00000000,1.00000000,1.00000000,0.00000000,0.00000000,0.00000000
28,20,0.95000000,pointwise percentile bootstrap of the across-seed mean,100000,20260924,synthetic_predicted,0.30043935,0.29580215,0.30532822,0.01180695,0.01111299,0.01250636,0.84318674,0.83868289,0.84751856,16.00000000,16.00000000,16.00000000,0.00000000,0.00000000,0.00000000,0.00000000,0.00000000,0.00000000,1.00000000,1.00000000,1.00000000,0.00000000,0.00000000,0.00000000
29,20,0.95000000,pointwise percentile bootstrap of the across-seed mean,100000,20260924,synthetic_predicted,0.30183754,0.29776591,0.30601269,0.01182755,0.01115333,0.01252212,0.84390386,0.83989072,0.84786904,16.00000000,16.00000000,16.00000000,0.00000000,0.00000000,0.00000000,0.00000000,0.00000000,0.00000000,1.00000000,1.00000000,1.00000000,0.00000000,0.00000000,0.00000000
30,20,0.95000000,pointwise percentile bootstrap of the across-seed mean,100000,20260924,synthetic_predicted,0.95423600,0.94163758,0.96547717,0.11865510,0.11396184,0.12305919,0.95575684,0.94914860,0.96194905,12.20000000,12.00000000,12.60000038,0.51147391,0.45065221,0.54911482,1.90000000,1.70000005,2.00000000,0.76250000,0.75000000,0.78750002,0.95000000,0.85000002,1.00000000
31,20,0.95000000,pointwise percentile bootstrap of the across-seed mean,100000,20260924,synthetic_predicted,0.84429729,0.83064908,0.85673934,0.09546358,0.09137528,0.09942065,0.79855332,0.79496753,0.80244434,12.00000000,12.00000000,12.00000000,0.53816590,0.52450925,0.55218041,2.00000000,2.00000000,2.00000000,0.75000000,0.75000000,0.75000000,1.00000000,1.00000000,1.00000000
32,20,0.95000000,pointwise percentile bootstrap of the across-seed mean,100000,20260924,synthetic_predicted,0.75447409,0.74265599,0.76573896,0.07792078,0.07390785,0.08180024,0.79122944,0.78822708,0.79443634,12.00000000,12.00000000,12.00000000,0.53816590,0.52450925,0.55218041,2.00000000,2.00000000,2.00000000,0.75000000,0.75000000,0.75000000,1.00000000,1.00000000,1.00000000
33,20,0.95000000,pointwise percentile bootstrap of the across-seed mean,100000,20260924,synthetic_predicted,0.67599157,0.66383386,0.68756407,0.06427664,0.06087468,0.06752194,0.79708197,0.79356116,0.80072719,13.20000000,12.80000019,13.60000038,0.76014611,0.68040669,0.83651024,1.40000000,1.20000005,1.60000002,0.82500000,0.80000001,0.85000002,0.70000000,0.60000002,0.80000001
34,20,0.95000000,pointwise percentile bootstrap of the across-seed mean,100000,20260924,synthetic_predicted,0.61450178,0.60224193,0.62603652,0.05435788,0.05174033,0.05680271,0.80527580,0.80201858,0.80867833,14.00000000,14.00000000,14.00000000,0.90449358,0.89464891,0.91340590,1.00000000,1.00000000,1.00000000,0.87500000,0.87500000,0.87500000,0.50000000,0.50000000,0.50000000
35,20,0.95000000,pointwise percentile bootstrap of the across-seed mean,100000,20260924,synthetic_predicted,0.55644022,0.54617804,0.56661391,0.04566926,0.04332616,0.04792203,0.81125664,0.80828047,0.81422269,14.00000000,14.00000000,14.00000000,0.90449358,0.89464891,0.91340590,1.00000000,1.00000000,1.00000000,0.87500000,0.87500000,0.87500000,0.50000000,0.50000000,0.50000000
36,20,0.95000000,pointwise percentile bootstrap of the across-seed mean,100000,20260924,synthetic_predicted,0.51274840,0.50330025,0.52202886,0.03746287,0.03543392,0.03945198,0.81926335,0.81640667,0.82211924,14.00000000,14.00000000,14.00000000,0.90449358,0.89464891,0.91340590,1.00000000,1.00000000,1.00000000,0.87500000,0.87500000,0.87500000,0.50000000,0.50000000,0.50000000
37,20,0.95000000,pointwise percentile bootstrap of the across-seed mean,100000,20260924,synthetic_predicted,0.47960328,0.47007340,0.48885110,0.03205506,0.03020415,0.03388390,0.82410927,0.82147765,0.82693267,14.00000000,14.00000000,14.00000000,0.90449358,0.89464891,0.91340590,1.00000000,1.00000000,1.00000000,0.87500000,0.87500000,0.87500000,0.50000000,0.50000000,0.50000000
38,20,0.95000000,pointwise percentile bootstrap of the across-seed mean,100000,20260924,synthetic_predicted,0.45035265,0.44155356,0.45897228,0.02813644,0.02659159,0.02970292,0.82880558,0.82617527,0.83163083,14.00000000,14.00000000,14.00000000,0.90449358,0.89464891,0.91340590,1.00000000,1.00000000,1.00000000,0.87500000,0.87500000,0.87500000,0.50000000,0.50000000,0.50000000
39,20,0.95000000,pointwise percentile bootstrap of the across-seed mean,100000,20260924,synthetic_predicted,0.42364323,0.41354027,0.43354252,0.02497317,0.02354718,0.02641386,0.83104039,0.82840478,0.83386248,14.00000000,14.00000000,14.00000000,0.90449358,0.89464891,0.91340590,1.00000000,1.00000000,1.00000000,0.87500000,0.87500000,0.87500000,0.50000000,0.50000000,0.50000000
40,20,0.95000000,pointwise percentile bootstrap of the across-seed mean,100000,20260924,synthetic_predicted,0.40288350,0.39478251,0.41076192,0.02223400,0.02104040,0.02345616,0.83438779,0.83087981,0.83798969,14.00000000,14.00000000,14.00000000,0.90449358,0.89464891,0.91340590,1.00000000,1.00000000,1.00000000,0.87500000,0.87500000,0.87500000,0.50000000,0.50000000,0.50000000
41,20,0.95000000,pointwise percentile bootstrap of the across-seed mean,100000,20260924,synthetic_predicted,0.38455367,0.37748411,0.39159921,0.01977271,0.01866458,0.02090619,0.83561546,0.83228111,0.83906788,14.50000000,14.19999981,14.89999962,0.67826381,0.49680048,0.82489419,0.75000000,0.55000001,0.89999998,0.90625000,0.88749999,0.93124998,0.37500000,0.27500001,0.44999999
42,20,0.95000000,pointwise percentile bootstrap of the across-seed mean,100000,20260924,synthetic_predicted,0.36914685,0.36307195,0.37553310,0.01769346,0.01675438,0.01869257,0.83816100,0.83490652,0.84148705,15.70000000,15.39999962,16.00000000,0.13539880,0.00000000,0.27342165,0.15000000,0.00000000,0.30000001,0.98125000,0.96249998,1.00000000,0.07500000,0.00000000,0.15000001
43,20,0.95000000,pointwise percentile bootstrap of the across-seed mean,100000,20260924,synthetic_predicted,0.35675744,0.35078895,0.36279646,0.01631795,0.01544666,0.01729145,0.83897962,0.83463269,0.84312850,16.00000000,16.00000000,16.00000000,0.00000000,0.00000000,0.00000000,0.00000000,0.00000000,0.00000000,1.00000000,1.00000000,1.00000000,0.00000000,0.00000000,0.00000000
44,20,0.95000000,pointwise percentile bootstrap of the across-seed mean,100000,20260924,synthetic_predicted,0.34490203,0.33936685,0.35077721,0.01549367,0.01464808,0.01641660,0.84024393,0.83696878,0.84344345,16.00000000,16.00000000,16.00000000,0.00000000,0.00000000,0.00000000,0.00000000,0.00000000,0.00000000,1.00000000,1.00000000,1.00000000,0.00000000,0.00000000,0.00000000
45,20,0.95000000,pointwise percentile bootstrap of the across-seed mean,100000,20260924,synthetic_predicted,0.33779426,0.33211482,0.34376001,0.01469371,0.01388513,0.01555992,0.84066965,0.83669466,0.84464002,16.00000000,16.00000000,16.00000000,0.00000000,0.00000000,0.00000000,0.00000000,0.00000000,0.00000000,1.00000000,1.00000000,1.00000000,0.00000000,0.00000000,0.00000000
46,20,0.95000000,pointwise percentile bootstrap of the across-seed mean,100000,20260924,synthetic_predicted,0.33094911,0.32582626,0.33614072,0.01413866,0.01317492,0.01508725,0.84209864,0.83831608,0.84598517,16.00000000,16.00000000,16.00000000,0.00000000,0.00000000,0.00000000,0.00000000,0.00000000,0.00000000,1.00000000,1.00000000,1.00000000,0.00000000,0.00000000,0.00000000
47,20,0.95000000,pointwise percentile bootstrap of the across-seed mean,100000,20260924,synthetic_predicted,0.32364282,0.31922197,0.32805213,0.01392644,0.01303086,0.01485631,0.84254237,0.83877981,0.84647816,16.00000000,16.00000000,16.00000000,0.00000000,0.00000000,0.00000000,0.00000000,0.00000000,0.00000000,1.00000000,1.00000000,1.00000000,0.00000000,0.00000000,0.00000000
48,20,0.95000000,pointwise percentile bootstrap of the across-seed mean,100000,20260924,synthetic_predicted,0.31881195,0.31399035,0.32360551,0.01373310,0.01289587,0.01458601,0.84262626,0.83935589,0.84610105,16.00000000,16.00000000,16.00000000,0.00000000,0.00000000,0.00000000,0.00000000,0.00000000,0.00000000,1.00000000,1.00000000,1.00000000,0.00000000,0.00000000,0.00000000
49,20,0.95000000,pointwise percentile bootstrap of the across-seed mean,100000,20260924,synthetic_predicted,0.31565599,0.31030512,0.32092562,0.01338028,0.01260601,0.01417096,0.84217161,0.83954608,0.84513748,16.00000000,16.00000000,16.00000000,0.00000000,0.00000000,0.00000000,0.00000000,0.00000000,0.00000000,1.00000000,1.00000000,1.00000000,0.00000000,0.00000000,0.00000000
50,20,0.95000000,pointwise percentile bootstrap of the across-seed mean,100000,20260924,synthetic_predicted,0.31320228,0.30780140,0.31862438,0.01302336,0.01226279,0.01377467,0.84154948,0.83821267,0.84500688,16.00000000,16.00000000,16.00000000,0.00000000,0.00000000,0.00000000,0.00000000,0.00000000,0.00000000,1.00000000,1.00000000,1.00000000,0.00000000,0.00000000,0.00000000
51,20,0.95000000,pointwise percentile bootstrap of the across-seed mean,100000,20260924,synthetic_predicted,0.31302921,0.30801204,0.31817606,0.01267069,0.01185909,0.01357320,0.84279119,0.83938634,0.84641933,16.00000000,16.00000000,16.00000000,0.00000000,0.00000000,0.00000000,0.00000000,0.00000000,0.00000000,1.00000000,1.00000000,1.00000000,0.00000000,0.00000000,0.00000000
52,20,0.95000000,pointwise percentile bootstrap of the across-seed mean,100000,20260924,synthetic_predicted,0.31007929,0.30567572,0.31458220,0.01238391,0.01166059,0.01313095,0.84336689,0.83876395,0.84797710,16.00000000,16.00000000,16.00000000,0.00000000,0.00000000,0.00000000,0.00000000,0.00000000,0.00000000,1.00000000,1.00000000,1.00000000,0.00000000,0.00000000,0.00000000
53,20,0.95000000,pointwise percentile bootstrap of the across-seed mean,100000,20260924,synthetic_predicted,0.30984466,0.30535835,0.31431717,0.01224546,0.01143007,0.01302698,0.84324070,0.83948553,0.84721065,16.00000000,16.00000000,16.00000000,0.00000000,0.00000000,0.00000000,0.00000000,0.00000000,0.00000000,1.00000000,1.00000000,1.00000000,0.00000000,0.00000000,0.00000000
54,20,0.95000000,pointwise percentile bootstrap of the across-seed mean,100000,20260924,synthetic_predicted,0.30820308,0.30464318,0.31164089,0.01207558,0.01121492,0.01288616,0.84252611,0.83871937,0.84636438,16.00000000,16.00000000,16.00000000,0.00000000,0.00000000,0.00000000,0.00000000,0.00000000,0.00000000,1.00000000,1.00000000,1.00000000,0.00000000,0.00000000,0.00000000
55,20,0.95000000,pointwise percentile bootstrap of the across-seed mean,100000,20260924,synthetic_predicted,0.30768246,0.30354643,0.31206179,0.01227966,0.01158515,0.01297089,0.84305169,0.83890009,0.84727806,16.00000000,16.00000000,16.00000000,0.00000000,0.00000000,0.00000000,0.00000000,0.00000000,0.00000000,1.00000000,1.00000000,1.00000000,0.00000000,0.00000000,0.00000000
56,20,0.95000000,pointwise percentile bootstrap of the across-seed mean,100000,20260924,synthetic_predicted,0.30718122,0.30290711,0.31152344,0.01242178,0.01166273,0.01317776,0.84293304,0.83895200,0.84692836,16.00000000,16.00000000,16.00000000,0.00000000,0.00000000,0.00000000,0.00000000,0.00000000,0.00000000,1.00000000,1.00000000,1.00000000,0.00000000,0.00000000,0.00000000
57,20,0.95000000,pointwise percentile bootstrap of the across-seed mean,100000,20260924,synthetic_predicted,0.30689854,0.30233341,0.31150281,0.01214448,0.01150761,0.01275689,0.84374138,0.84024030,0.84707826,16.00000000,16.00000000,16.00000000,0.00000000,0.00000000,0.00000000,0.00000000,0.00000000,0.00000000,1.00000000,1.00000000,1.00000000,0.00000000,0.00000000,0.00000000
58,20,0.95000000,pointwise percentile bootstrap of the across-seed mean,100000,20260924,synthetic_predicted,0.30589815,0.30140138,0.31047848,0.01217535,0.01146771,0.01287459,0.84360991,0.84056139,0.84672374,16.00000000,16.00000000,16.00000000,0.00000000,0.00000000,0.00000000,0.00000000,0.00000000,0.00000000,1.00000000,1.00000000,1.00000000,0.00000000,0.00000000,0.00000000
59,20,0.95000000,pointwise percentile bootstrap of the across-seed mean,100000,20260924,synthetic_predicted,0.30338785,0.29879940,0.30821684,0.01200452,0.01134150,0.01267978,0.84287627,0.83974689,0.84606451,16.00000000,16.00000000,16.00000000,0.00000000,0.00000000,0.00000000,0.00000000,0.00000000,0.00000000,1.00000000,1.00000000,1.00000000,0.00000000,0.00000000,0.00000000
60,20,0.95000000,pointwise percentile bootstrap of the across-seed mean,100000,20260924,synthetic_predicted,0.30396155,0.29972833,0.30838558,0.01153570,0.01084866,0.01222085,0.84404439,0.84111369,0.84696585,16.00000000,16.00000000,16.00000000,0.00000000,0.00000000,0.00000000,0.00000000,0.00000000,0.00000000,1.00000000,1.00000000,1.00000000,0.00000000,0.00000000,0.00000000
61,20,0.95000000,pointwise percentile bootstrap of the across-seed mean,100000,20260924,synthetic_predicted,0.30413441,0.30015713,0.30857632,0.01147511,0.01070089,0.01223400,0.84451732,0.84137261,0.84760362,16.00000000,16.00000000,16.00000000,0.00000000,0.00000000,0.00000000,0.00000000,0.00000000,0.00000000,1.00000000,1.00000000,1.00000000,0.00000000,0.00000000,0.00000000
62,20,0.95000000,pointwise percentile bootstrap of the across-seed mean,100000,20260924,synthetic_predicted,0.30270702,0.29936391,0.30645674,0.01163001,0.01101049,0.01223411,0.84403253,0.84057176,0.84737647,16.00000000,16.00000000,16.00000000,0.00000000,0.00000000,0.00000000,0.00000000,0.00000000,0.00000000,1.00000000,1.00000000,1.00000000,0.00000000,0.00000000,0.00000000
63,20,0.95000000,pointwise percentile bootstrap of the across-seed mean,100000,20260924,synthetic_predicted,0.30218901,0.29879209,0.30573037,0.01199330,0.01134914,0.01267191,0.84484997,0.84123796,0.84835941,16.00000000,16.00000000,16.00000000,0.00000000,0.00000000,0.00000000,0.00000000,0.00000000,0.00000000,1.00000000,1.00000000,1.00000000,0.00000000,0.00000000,0.00000000
64,20,0.95000000,pointwise percentile bootstrap of the across-seed mean,100000,20260924,synthetic_predicted,0.30268974,0.29828447,0.30716574,0.01156566,0.01110817,0.01202932,0.84487513,0.84098345,0.84879404,16.00000000,16.00000000,16.00000000,0.00000000,0.00000000,0.00000000,0.00000000,0.00000000,0.00000000,1.00000000,1.00000000,1.00000000,0.00000000,0.00000000,0.00000000
65,20,0.95000000,pointwise percentile bootstrap of the across-seed mean,100000,20260924,synthetic_predicted,0.30261525,0.29767984,0.30781624,0.01177848,0.01135618,0.01223086,0.84527880,0.84218985,0.84845167,16.00000000,16.00000000,16.00000000,0.00000000,0.00000000,0.00000000,0.00000000,0.00000000,0.00000000,1.00000000,1.00000000,1.00000000,0.00000000,0.00000000,0.00000000
66,20,0.95000000,pointwise percentile bootstrap of the across-seed mean,100000,20260924,synthetic_predicted,0.30171072,0.29731277,0.30614209,0.01147315,0.01107103,0.01186129,0.84481534,0.84175456,0.84785408,16.00000000,16.00000000,16.00000000,0.00000000,0.00000000,0.00000000,0.00000000,0.00000000,0.00000000,1.00000000,1.00000000,1.00000000,0.00000000,0.00000000,0.00000000
67,20,0.95000000,pointwise percentile bootstrap of the across-seed mean,100000,20260924,synthetic_predicted,0.30076572,0.29599407,0.30550307,0.01147953,0.01100076,0.01193489,0.84387962,0.84074140,0.84719467,16.00000000,16.00000000,16.00000000,0.00000000,0.00000000,0.00000000,0.00000000,0.00000000,0.00000000,1.00000000,1.00000000,1.00000000,0.00000000,0.00000000,0.00000000
68,20,0.95000000,pointwise percentile bootstrap of the across-seed mean,100000,20260924,synthetic_predicted,0.29675901,0.29197860,0.30151013,0.01153432,0.01111684,0.01194084,0.84370214,0.84064138,0.84690571,16.00000000,16.00000000,16.00000000,0.00000000,0.00000000,0.00000000,0.00000000,0.00000000,0.00000000,1.00000000,1.00000000,1.00000000,0.00000000,0.00000000,0.00000000
69,20,0.95000000,pointwise percentile bootstrap of the across-seed mean,100000,20260924,synthetic_predicted,0.29977982,0.29570422,0.30392212,0.01161162,0.01103379,0.01217434,0.84474835,0.84127420,0.84821564,16.00000000,16.00000000,16.00000000,0.00000000,0.00000000,0.00000000,0.00000000,0.00000000,0.00000000,1.00000000,1.00000000,1.00000000,0.00000000,0.00000000,0.00000000
70,20,0.95000000,pointwise percentile bootstrap of the across-seed mean,100000,20260924,synthetic_predicted,0.29786264,0.29411840,0.30177054,0.01187021,0.01128560,0.01243125,0.84630425,0.84312487,0.84948659,16.00000000,16.00000000,16.00000000,0.00000000,0.00000000,0.00000000,0.00000000,0.00000000,0.00000000,1.00000000,1.00000000,1.00000000,0.00000000,0.00000000,0.00000000
71,20,0.95000000,pointwise percentile bootstrap of the across-seed mean,100000,20260924,synthetic_predicted,0.29826578,0.29345927,0.30307239,0.01175851,0.01105767,0.01246760,0.84628539,0.84343207,0.84924948,16.00000000,16.00000000,16.00000000,0.00000000,0.00000000,0.00000000,0.00000000,0.00000000,0.00000000,1.00000000,1.00000000,1.00000000,0.00000000,0.00000000,0.00000000
72,20,0.95000000,pointwise percentile bootstrap of the across-seed mean,100000,20260924,synthetic_predicted,0.29914914,0.29459202,0.30386075,0.01191718,0.01119910,0.01264312,0.84482839,0.84179115,0.84793240,16.00000000,16.00000000,16.00000000,0.00000000,0.00000000,0.00000000,0.00000000,0.00000000,0.00000000,1.00000000,1.00000000,1.00000000,0.00000000,0.00000000,0.00000000
73,20,0.95000000,pointwise percentile bootstrap of the across-seed mean,100000,20260924,synthetic_predicted,0.29994241,0.29510248,0.30493391,0.01154396,0.01069933,0.01235160,0.84619502,0.84365690,0.84871489,16.00000000,16.00000000,16.00000000,0.00000000,0.00000000,0.00000000,0.00000000,0.00000000,0.00000000,1.00000000,1.00000000,1.00000000,0.00000000,0.00000000,0.00000000
74,20,0.95000000,pointwise percentile bootstrap of the across-seed mean,100000,20260924,synthetic_predicted,0.29942696,0.29445535,0.30458978,0.01167967,0.01090166,0.01242831,0.84477354,0.84135228,0.84809542,16.00000000,16.00000000,16.00000000,0.00000000,0.00000000,0.00000000,0.00000000,0.00000000,0.00000000,1.00000000,1.00000000,1.00000000,0.00000000,0.00000000,0.00000000
75,20,0.95000000,pointwise percentile bootstrap of the across-seed mean,100000,20260924,synthetic_predicted,0.29881570,0.29422036,0.30361411,0.01157084,0.01076260,0.01239810,0.84359343,0.84046680,0.84683299,16.00000000,16.00000000,16.00000000,0.00000000,0.00000000,0.00000000,0.00000000,0.00000000,0.00000000,1.00000000,1.00000000,1.00000000,0.00000000,0.00000000,0.00000000
76,20,0.95000000,pointwise percentile bootstrap of the across-seed mean,100000,20260924,synthetic_predicted,0.29979550,0.29470035,0.30509514,0.01193444,0.01124841,0.01262281,0.84318082,0.83997995,0.84663951,16.00000000,16.00000000,16.00000000,0.00000000,0.00000000,0.00000000,0.00000000,0.00000000,0.00000000,1.00000000,1.00000000,1.00000000,0.00000000,0.00000000,0.00000000
77,20,0.95000000,pointwise percentile bootstrap of the across-seed mean,100000,20260924,synthetic_predicted,0.30129337,0.29610884,0.30674335,0.01172608,0.01112904,0.01231493,0.84354788,0.83957934,0.84735227,16.00000000,16.00000000,16.00000000,0.00000000,0.00000000,0.00000000,0.00000000,0.00000000,0.00000000,1.00000000,1.00000000,1.00000000,0.00000000,0.00000000,0.00000000
78,20,0.95000000,pointwise percentile bootstrap of the across-seed mean,100000,20260924,synthetic_predicted,0.30102269,0.29623175,0.30627403,0.01164532,0.01098616,0.01228155,0.84400111,0.84018821,0.84771150,16.00000000,16.00000000,16.00000000,0.00000000,0.00000000,0.00000000,0.00000000,0.00000000,0.00000000,1.00000000,1.00000000,1.00000000,0.00000000,0.00000000,0.00000000
79,20,0.95000000,pointwise percentile bootstrap of the across-seed mean,100000,20260924,synthetic_predicted,0.30207882,0.29757583,0.30703089,0.01190203,0.01132649,0.01248067,0.84557590,0.84149063,0.84924519,16.00000000,16.00000000,16.00000000,0.00000000,0.00000000,0.00000000,0.00000000,0.00000000,0.00000000,1.00000000,1.00000000,1.00000000,0.00000000,0.00000000,0.00000000
80,20,0.95000000,pointwise percentile bootstrap of the across-seed mean,100000,20260924,synthetic_predicted,0.30144215,0.29682440,0.30638030,0.01189262,0.01130747,0.01246218,0.84572602,0.84187406,0.84922111,16.00000000,16.00000000,16.00000000,0.00000000,0.00000000,0.00000000,0.00000000,0.00000000,0.00000000,1.00000000,1.00000000,1.00000000,0.00000000,0.00000000,0.00000000
